"contrast","estimate","SE","df","z.ratio","p.value"
"LBS - LF",-5.47656436471917,0.965874521802504,Inf,-5.67005779850044,4.27911223122024e-08
"LBS - LUS",-4.72327150403721,0.89422604614296,Inf,-5.28196592395174,3.82764651085665e-07
"LF - LUS",0.753292860681958,0.965874521802504,Inf,0.779907579792219,0.715394454933499
