"contrast","estimate","SE","df","z.ratio","p.value"
"B - LBS",3.02972725352997,1.62658421739486,Inf,1.8626316554223,0.244296304699977
"B - MN",-1.28816158258738,1.7388916720644,Inf,-0.740794612615569,0.880601088325724
"B - MS",1.01081067989156,1.7388916720644,Inf,0.581295946222765,0.937739178831411
"LBS - MN",-4.31788883611736,1.62658421739486,Inf,-2.65457440810098,0.0396784377413703
"LBS - MS",-2.01891657363842,1.62658421739486,Inf,-1.24120014939768,0.600545742826264
"MN - MS",2.29897226247894,1.7388916720644,Inf,1.32209055883833,0.548765539121736
